ManualSearchID,ManualSearchUnitID,SourceOrdinal,InventorySourceID,MetadataSourceID,TitleRaw,TitleNormalized,AuthorsRaw,AuthorsNormalized,DOIRaw,DOINormalized,VenueRaw,VenueNormalized,YearRaw,YearNormalized,VolumeTrackIssue,PublisherRecordURL,MetadataSourceURL,Publisher,PublisherAddress,ISBN,Pages,NumPages,PublicationLocation,Series,AbstractRaw,AbstractAvailability,AbstractSourceURL,AuthorKeywordsRaw,AuthorKeywordsAvailability,FullTextURL,RetrievedAt,NormalizedAt,InventoryConflict,CrossrefSnapshotPath,PDFStatus,PDFSHA256,Notes
MS-RE-2022-MAIN-0001,MSU-RE-2022-MAIN,1,SRC-RE-2022-MAIN-IEEE-TOC-HUMAN-20260814,SRC-RE-2022-MAIN-IEEE-BIBTEX-HUMAN-20260814,Title Page i,Title Page i,,,,10.1109/re54965.2022.00001,2022 IEEE 30th International Requirements Engineering Conference (RE),2022 IEEE 30th International Requirements Engineering Conference (RE),2022,2022,10.1109/RE54965.2022,https://ieeexplore.ieee.org/document/9920045/,,,,,1-1,,,,,AVAILABLE_CONTROLLED_NOT_REDISTRIBUTED,,,NOT_REPORTED_BY_SOURCE,,2026-08-14T09:50:03.457393Z,2026-08-14T20:54:16Z,false,,,,Matched to publisher BibTeX by IEEE record locator equals publisher BibTeX key. Discovery was not executed.
MS-RE-2022-MAIN-0002,MSU-RE-2022-MAIN,2,SRC-RE-2022-MAIN-IEEE-TOC-HUMAN-20260814,SRC-RE-2022-MAIN-IEEE-BIBTEX-HUMAN-20260814,Title Page iii,Title Page iii,,,,10.1109/re54965.2022.00002,2022 IEEE 30th International Requirements Engineering Conference (RE),2022 IEEE 30th International Requirements Engineering Conference (RE),2022,2022,10.1109/RE54965.2022,https://ieeexplore.ieee.org/document/9920092/,,,,,3-3,,,,,AVAILABLE_CONTROLLED_NOT_REDISTRIBUTED,,,NOT_REPORTED_BY_SOURCE,,2026-08-14T09:50:03.457393Z,2026-08-14T20:54:16Z,false,,,,Matched to publisher BibTeX by IEEE record locator equals publisher BibTeX key. Discovery was not executed.
MS-RE-2022-MAIN-0003,MSU-RE-2022-MAIN,3,SRC-RE-2022-MAIN-IEEE-TOC-HUMAN-20260814,SRC-RE-2022-MAIN-IEEE-BIBTEX-HUMAN-20260814,Copyright Page,Copyright Page,,,,10.1109/re54965.2022.00003,2022 IEEE 30th International Requirements Engineering Conference (RE),2022 IEEE 30th International Requirements Engineering Conference (RE),2022,2022,10.1109/RE54965.2022,,,,,,4-4,,,,,AVAILABLE_CONTROLLED_NOT_REDISTRIBUTED,,,NOT_REPORTED_BY_SOURCE,,2026-08-14T09:50:03.457393Z,2026-08-14T20:54:16Z,false,,,,Matched to publisher BibTeX by literal title. Discovery was not executed.
MS-RE-2022-MAIN-0004,MSU-RE-2022-MAIN,4,SRC-RE-2022-MAIN-IEEE-TOC-HUMAN-20260814,SRC-RE-2022-MAIN-IEEE-BIBTEX-HUMAN-20260814,Table of Contents,Table of Contents,,,,10.1109/re54965.2022.00004,2022 IEEE 30th International Requirements Engineering Conference (RE),2022 IEEE 30th International Requirements Engineering Conference (RE),2022,2022,10.1109/RE54965.2022,,,,,,5-9,,,,,AVAILABLE_CONTROLLED_NOT_REDISTRIBUTED,,,NOT_REPORTED_BY_SOURCE,,2026-08-14T09:50:03.457393Z,2026-08-14T20:54:16Z,false,,,,Matched to publisher BibTeX by literal title. Discovery was not executed.
MS-RE-2022-MAIN-0005,MSU-RE-2022-MAIN,5,SRC-RE-2022-MAIN-IEEE-TOC-HUMAN-20260814,SRC-RE-2022-MAIN-IEEE-BIBTEX-HUMAN-20260814,Welcome from the RE 2022 Chairs,Welcome from the RE 2022 Chairs,,,,10.1109/re54965.2022.00005,2022 IEEE 30th International Requirements Engineering Conference (RE),2022 IEEE 30th International Requirements Engineering Conference (RE),2022,2022,10.1109/RE54965.2022,https://ieeexplore.ieee.org/document/9920104/,,,,,10-12,,,,,AVAILABLE_CONTROLLED_NOT_REDISTRIBUTED,,,NOT_REPORTED_BY_SOURCE,,2026-08-14T09:50:03.457393Z,2026-08-14T20:54:16Z,false,,,,Matched to publisher BibTeX by IEEE record locator equals publisher BibTeX key. Discovery was not executed.
MS-RE-2022-MAIN-0006,MSU-RE-2022-MAIN,6,SRC-RE-2022-MAIN-IEEE-TOC-HUMAN-20260814,SRC-RE-2022-MAIN-IEEE-BIBTEX-HUMAN-20260814,RE 2022 Organizing Committee,RE 2022 Organizing Committee,,,,10.1109/re54965.2022.00006,2022 IEEE 30th International Requirements Engineering Conference (RE),2022 IEEE 30th International Requirements Engineering Conference (RE),2022,2022,10.1109/RE54965.2022,,,,,,13-14,,,,,AVAILABLE_CONTROLLED_NOT_REDISTRIBUTED,,,NOT_REPORTED_BY_SOURCE,,2026-08-14T09:50:03.457393Z,2026-08-14T20:54:16Z,false,,,,Matched to publisher BibTeX by literal title. Discovery was not executed.
MS-RE-2022-MAIN-0007,MSU-RE-2022-MAIN,7,SRC-RE-2022-MAIN-IEEE-TOC-HUMAN-20260814,SRC-RE-2022-MAIN-IEEE-BIBTEX-HUMAN-20260814,RE 2022 Program Committee,RE 2022 Program Committee,,,,10.1109/re54965.2022.00007,2022 IEEE 30th International Requirements Engineering Conference (RE),2022 IEEE 30th International Requirements Engineering Conference (RE),2022,2022,10.1109/RE54965.2022,,,,,,15-18,,,,,AVAILABLE_CONTROLLED_NOT_REDISTRIBUTED,,,NOT_REPORTED_BY_SOURCE,,2026-08-14T09:50:03.457393Z,2026-08-14T20:54:16Z,false,,,,Matched to publisher BibTeX by literal title. Discovery was not executed.
MS-RE-2022-MAIN-0008,MSU-RE-2022-MAIN,8,SRC-RE-2022-MAIN-IEEE-TOC-HUMAN-20260814,SRC-RE-2022-MAIN-IEEE-BIBTEX-HUMAN-20260814,A Case Study of Building Shared Understanding of Non-Functional Requirements in a Remote Software Organization,A Case Study of Building Shared Understanding of Non-Functional Requirements in a Remote Software Organization,Laura Okpara; Colin Werner; Adam Murray; Daniela Damian,Laura Okpara; Colin Werner; Adam Murray; Daniela Damian,,10.1109/re54965.2022.00008,2022 IEEE 30th International Requirements Engineering Conference (RE),2022 IEEE 30th International Requirements Engineering Conference (RE),2022,2022,10.1109/RE54965.2022,https://ieeexplore.ieee.org/document/9920032/,,,,,1-13,,,,,AVAILABLE_CONTROLLED_NOT_REDISTRIBUTED,,,AVAILABLE_CONTROLLED_NOT_REDISTRIBUTED,,2026-08-14T09:50:03.457393Z,2026-08-14T20:54:16Z,false,,,,Matched to publisher BibTeX by IEEE record locator equals publisher BibTeX key. Discovery was not executed.
MS-RE-2022-MAIN-0009,MSU-RE-2022-MAIN,9,SRC-RE-2022-MAIN-IEEE-TOC-HUMAN-20260814,SRC-RE-2022-MAIN-IEEE-BIBTEX-HUMAN-20260814,A Divide & Concur Approach to Collaborative Goal Modeling with Merge in Early-RE,A Divide & Concur Approach to Collaborative Goal Modeling with Merge in Early-RE,Kathleen R. Hablutzel; Anisha Jain; Alicia M. Grubb,Kathleen R. Hablutzel; Anisha Jain; Alicia M. Grubb,,10.1109/re54965.2022.00009,2022 IEEE 30th International Requirements Engineering Conference (RE),2022 IEEE 30th International Requirements Engineering Conference (RE),2022,2022,10.1109/RE54965.2022,https://ieeexplore.ieee.org/document/9920087/,,,,,14-25,,,,,AVAILABLE_CONTROLLED_NOT_REDISTRIBUTED,,,AVAILABLE_CONTROLLED_NOT_REDISTRIBUTED,,2026-08-14T09:50:03.457393Z,2026-08-14T20:54:16Z,false,,,,Matched to publisher BibTeX by IEEE record locator equals publisher BibTeX key. Discovery was not executed.
MS-RE-2022-MAIN-0010,MSU-RE-2022-MAIN,10,SRC-RE-2022-MAIN-IEEE-TOC-HUMAN-20260814,SRC-RE-2022-MAIN-IEEE-BIBTEX-HUMAN-20260814,Automated Detection of Typed Links in Issue Trackers,Automated Detection of Typed Links in Issue Trackers,Clara Marie Lüders; Tim Pietz; Walid Maalej,Clara Marie Lüders; Tim Pietz; Walid Maalej,,10.1109/re54965.2022.00010,2022 IEEE 30th International Requirements Engineering Conference (RE),2022 IEEE 30th International Requirements Engineering Conference (RE),2022,2022,10.1109/RE54965.2022,https://ieeexplore.ieee.org/document/9920034/,,,,,26-38,,,,,AVAILABLE_CONTROLLED_NOT_REDISTRIBUTED,,,AVAILABLE_CONTROLLED_NOT_REDISTRIBUTED,,2026-08-14T09:50:03.457393Z,2026-08-14T20:54:16Z,false,,,,Matched to publisher BibTeX by IEEE record locator equals publisher BibTeX key. Discovery was not executed.
MS-RE-2022-MAIN-0011,MSU-RE-2022-MAIN,11,SRC-RE-2022-MAIN-IEEE-TOC-HUMAN-20260814,SRC-RE-2022-MAIN-IEEE-BIBTEX-HUMAN-20260814,Automated Question Answering for Improved Understanding of Compliance Requirements: A Multi-Document Study,Automated Question Answering for Improved Understanding of Compliance Requirements: A Multi-Document Study,Sallam Abualhaija; Chetan Arora; Amin Sleimi; Lionel C. Briand,Sallam Abualhaija; Chetan Arora; Amin Sleimi; Lionel C. Briand,,10.1109/re54965.2022.00011,2022 IEEE 30th International Requirements Engineering Conference (RE),2022 IEEE 30th International Requirements Engineering Conference (RE),2022,2022,10.1109/RE54965.2022,https://ieeexplore.ieee.org/document/9920030/,,,,,39-50,,,,,AVAILABLE_CONTROLLED_NOT_REDISTRIBUTED,,,AVAILABLE_CONTROLLED_NOT_REDISTRIBUTED,,2026-08-14T09:50:03.457393Z,2026-08-14T20:54:16Z,false,,,,Matched to publisher BibTeX by IEEE record locator equals publisher BibTeX key. Discovery was not executed.
MS-RE-2022-MAIN-0012,MSU-RE-2022-MAIN,12,SRC-RE-2022-MAIN-IEEE-TOC-HUMAN-20260814,SRC-RE-2022-MAIN-IEEE-BIBTEX-HUMAN-20260814,Automatic Terminology Extraction and Ranking for Feature Modeling,Automatic Terminology Extraction and Ranking for Feature Modeling,Jianzhang Zhang; Sisi Chen; Jinping Hua; Nan Niu; Chuang Liu,Jianzhang Zhang; Sisi Chen; Jinping Hua; Nan Niu; Chuang Liu,,10.1109/re54965.2022.00012,2022 IEEE 30th International Requirements Engineering Conference (RE),2022 IEEE 30th International Requirements Engineering Conference (RE),2022,2022,10.1109/RE54965.2022,https://ieeexplore.ieee.org/document/9920057/,,,,,51-63,,,,,AVAILABLE_CONTROLLED_NOT_REDISTRIBUTED,,,AVAILABLE_CONTROLLED_NOT_REDISTRIBUTED,,2026-08-14T09:50:03.457393Z,2026-08-14T20:54:16Z,false,,,,Matched to publisher BibTeX by IEEE record locator equals publisher BibTeX key. Discovery was not executed.
MS-RE-2022-MAIN-0013,MSU-RE-2022-MAIN,13,SRC-RE-2022-MAIN-IEEE-TOC-HUMAN-20260814,SRC-RE-2022-MAIN-IEEE-BIBTEX-HUMAN-20260814,CADE: The Missing Benchmark in Evaluating Dataset Requirements of AI-enabled Software,CADE: The Missing Benchmark in Evaluating Dataset Requirements of AI-enabled Software,Hamed Barzamini; Mona Rahimi,Hamed Barzamini; Mona Rahimi,,10.1109/re54965.2022.00013,2022 IEEE 30th International Requirements Engineering Conference (RE),2022 IEEE 30th International Requirements Engineering Conference (RE),2022,2022,10.1109/RE54965.2022,https://ieeexplore.ieee.org/document/9920039/,,,,,64-76,,,,,AVAILABLE_CONTROLLED_NOT_REDISTRIBUTED,,,AVAILABLE_CONTROLLED_NOT_REDISTRIBUTED,,2026-08-14T09:50:03.457393Z,2026-08-14T20:54:16Z,false,,,,Matched to publisher BibTeX by IEEE record locator equals publisher BibTeX key. Discovery was not executed.
MS-RE-2022-MAIN-0014,MSU-RE-2022-MAIN,14,SRC-RE-2022-MAIN-IEEE-TOC-HUMAN-20260814,SRC-RE-2022-MAIN-IEEE-BIBTEX-HUMAN-20260814,Enriching Vision Videos with Text: An Eye Tracking Study,Enriching Vision Videos with Text: An Eye Tracking Study,Melanie Schmedes; Maike Ahrens; Lukas Nagel; Kurt Schneider,Melanie Schmedes; Maike Ahrens; Lukas Nagel; Kurt Schneider,,10.1109/re54965.2022.00014,2022 IEEE 30th International Requirements Engineering Conference (RE),2022 IEEE 30th International Requirements Engineering Conference (RE),2022,2022,10.1109/RE54965.2022,https://ieeexplore.ieee.org/document/9920052/,,,,,77-87,,,,,AVAILABLE_CONTROLLED_NOT_REDISTRIBUTED,,,AVAILABLE_CONTROLLED_NOT_REDISTRIBUTED,,2026-08-14T09:50:03.457393Z,2026-08-14T20:54:16Z,false,,,,Matched to publisher BibTeX by IEEE record locator equals publisher BibTeX key. Discovery was not executed.
MS-RE-2022-MAIN-0015,MSU-RE-2022-MAIN,15,SRC-RE-2022-MAIN-IEEE-TOC-HUMAN-20260814,SRC-RE-2022-MAIN-IEEE-BIBTEX-HUMAN-20260814,Hierarchical Assessment of Safety Requirements for Configurations of Autonomous Driving Systems,Hierarchical Assessment of Safety Requirements for Configurations of Autonomous Driving Systems,Yixing Luo; Xiao-Yi Zhang; Paolo Arcaini; Zhi Jin; Haiyan Zhao; Linjuan Zhang; Fuyuki Ishikawa,Yixing Luo; Xiao-Yi Zhang; Paolo Arcaini; Zhi Jin; Haiyan Zhao; Linjuan Zhang; Fuyuki Ishikawa,,10.1109/re54965.2022.00015,2022 IEEE 30th International Requirements Engineering Conference (RE),2022 IEEE 30th International Requirements Engineering Conference (RE),2022,2022,10.1109/RE54965.2022,https://ieeexplore.ieee.org/document/9920072/,,,,,88-100,,,,,AVAILABLE_CONTROLLED_NOT_REDISTRIBUTED,,,AVAILABLE_CONTROLLED_NOT_REDISTRIBUTED,,2026-08-14T09:50:03.457393Z,2026-08-14T20:54:16Z,false,,,,Matched to publisher BibTeX by IEEE record locator equals publisher BibTeX key. Discovery was not executed.
MS-RE-2022-MAIN-0016,MSU-RE-2022-MAIN,16,SRC-RE-2022-MAIN-IEEE-TOC-HUMAN-20260814,SRC-RE-2022-MAIN-IEEE-BIBTEX-HUMAN-20260814,Legal Accountability as Software Quality: A U.S. Data Processing Perspective,Legal Accountability as Software Quality: A U.S. Data Processing Perspective,Travis D. Breaux; Thomas Norton,Travis D. Breaux; Thomas Norton,,10.1109/re54965.2022.00016,2022 IEEE 30th International Requirements Engineering Conference (RE),2022 IEEE 30th International Requirements Engineering Conference (RE),2022,2022,10.1109/RE54965.2022,https://ieeexplore.ieee.org/document/9920044/,,,,,101-113,,,,,AVAILABLE_CONTROLLED_NOT_REDISTRIBUTED,,,AVAILABLE_CONTROLLED_NOT_REDISTRIBUTED,,2026-08-14T09:50:03.457393Z,2026-08-14T20:54:16Z,false,,,,Matched to publisher BibTeX by IEEE record locator equals publisher BibTeX key. Discovery was not executed.
MS-RE-2022-MAIN-0017,MSU-RE-2022-MAIN,17,SRC-RE-2022-MAIN-IEEE-TOC-HUMAN-20260814,SRC-RE-2022-MAIN-IEEE-BIBTEX-HUMAN-20260814,Mining User Feedback For Software Engineering: Use Cases and Reference Architecture,Mining User Feedback For Software Engineering: Use Cases and Reference Architecture,Jacek Dąbrowski; Emmanuel Letier; Anna Perini; Angelo Susi,Jacek Dąbrowski; Emmanuel Letier; Anna Perini; Angelo Susi,,10.1109/re54965.2022.00017,2022 IEEE 30th International Requirements Engineering Conference (RE),2022 IEEE 30th International Requirements Engineering Conference (RE),2022,2022,10.1109/RE54965.2022,https://ieeexplore.ieee.org/document/9920020/,,,,,114-126,,,,,AVAILABLE_CONTROLLED_NOT_REDISTRIBUTED,,,AVAILABLE_CONTROLLED_NOT_REDISTRIBUTED,,2026-08-14T09:50:03.457393Z,2026-08-14T20:54:16Z,false,,,,Matched to publisher BibTeX by IEEE record locator equals publisher BibTeX key. Discovery was not executed.
MS-RE-2022-MAIN-0018,MSU-RE-2022-MAIN,18,SRC-RE-2022-MAIN-IEEE-TOC-HUMAN-20260814,SRC-RE-2022-MAIN-IEEE-BIBTEX-HUMAN-20260814,Narratives: the Unforeseen Influencer of Privacy Concerns,Narratives: the Unforeseen Influencer of Privacy Concerns,Ze Shi Li; Manish Sihag; Nowshin Nawar Arony; Joao Bezerra Junior; Thanh Phan; Neil Ernst; Daniela Damian,Ze Shi Li; Manish Sihag; Nowshin Nawar Arony; Joao Bezerra Junior; Thanh Phan; Neil Ernst; Daniela Damian,,10.1109/re54965.2022.00018,2022 IEEE 30th International Requirements Engineering Conference (RE),2022 IEEE 30th International Requirements Engineering Conference (RE),2022,2022,10.1109/RE54965.2022,https://ieeexplore.ieee.org/document/9920029/,,,,,127-139,,,,,AVAILABLE_CONTROLLED_NOT_REDISTRIBUTED,,,AVAILABLE_CONTROLLED_NOT_REDISTRIBUTED,,2026-08-14T09:50:03.457393Z,2026-08-14T20:54:16Z,false,,,,Matched to publisher BibTeX by IEEE record locator equals publisher BibTeX key. Discovery was not executed.
MS-RE-2022-MAIN-0019,MSU-RE-2022-MAIN,19,SRC-RE-2022-MAIN-IEEE-TOC-HUMAN-20260814,SRC-RE-2022-MAIN-IEEE-BIBTEX-HUMAN-20260814,Requirements on Explanations: A Quality Framework for Explainability,Requirements on Explanations: A Quality Framework for Explainability,Larissa Chazette; Verena Klös; Florian Herzog; Kurt Schneider,Larissa Chazette; Verena Klös; Florian Herzog; Kurt Schneider,,10.1109/re54965.2022.00019,2022 IEEE 30th International Requirements Engineering Conference (RE),2022 IEEE 30th International Requirements Engineering Conference (RE),2022,2022,10.1109/RE54965.2022,https://ieeexplore.ieee.org/document/9920064/,,,,,140-152,,,,,AVAILABLE_CONTROLLED_NOT_REDISTRIBUTED,,,AVAILABLE_CONTROLLED_NOT_REDISTRIBUTED,,2026-08-14T09:50:03.457393Z,2026-08-14T20:54:16Z,false,,,,Matched to publisher BibTeX by IEEE record locator equals publisher BibTeX key. Discovery was not executed.
MS-RE-2022-MAIN-0020,MSU-RE-2022-MAIN,20,SRC-RE-2022-MAIN-IEEE-TOC-HUMAN-20260814,SRC-RE-2022-MAIN-IEEE-BIBTEX-HUMAN-20260814,RESAM: Requirements Elicitation and Specification for Deep-Learning Anomaly Models with Applications to UAV Flight Controllers,RESAM: Requirements Elicitation and Specification for Deep-Learning Anomaly Models with Applications to UAV Flight Controllers,Md Nafee Al Islam; Yihong Ma; Pedro Alarcon; Nitesh Chawla; Jane Cleland-Huang,Md Nafee Al Islam; Yihong Ma; Pedro Alarcon; Nitesh Chawla; Jane Cleland-Huang,,10.1109/re54965.2022.00020,2022 IEEE 30th International Requirements Engineering Conference (RE),2022 IEEE 30th International Requirements Engineering Conference (RE),2022,2022,10.1109/RE54965.2022,https://ieeexplore.ieee.org/document/9920071/,,,,,153-165,,,,,AVAILABLE_CONTROLLED_NOT_REDISTRIBUTED,,,AVAILABLE_CONTROLLED_NOT_REDISTRIBUTED,,2026-08-14T09:50:03.457393Z,2026-08-14T20:54:16Z,false,,,,Matched to publisher BibTeX by IEEE record locator equals publisher BibTeX key. Discovery was not executed.
MS-RE-2022-MAIN-0021,MSU-RE-2022-MAIN,21,SRC-RE-2022-MAIN-IEEE-TOC-HUMAN-20260814,SRC-RE-2022-MAIN-IEEE-BIBTEX-HUMAN-20260814,The Benefits of Pre-Requirements Specification Traceability,The Benefits of Pre-Requirements Specification Traceability,Julia Krause; Andreas Kaufmann; Dirk Riehle; Martin Jung,Julia Krause; Andreas Kaufmann; Dirk Riehle; Martin Jung,,10.1109/re54965.2022.00021,2022 IEEE 30th International Requirements Engineering Conference (RE),2022 IEEE 30th International Requirements Engineering Conference (RE),2022,2022,10.1109/RE54965.2022,https://ieeexplore.ieee.org/document/9920099/,,,,,166-177,,,,,AVAILABLE_CONTROLLED_NOT_REDISTRIBUTED,,,AVAILABLE_CONTROLLED_NOT_REDISTRIBUTED,,2026-08-14T09:50:03.457393Z,2026-08-14T20:54:16Z,false,,,,Matched to publisher BibTeX by IEEE record locator equals publisher BibTeX key. Discovery was not executed.
MS-RE-2022-MAIN-0022,MSU-RE-2022-MAIN,22,SRC-RE-2022-MAIN-IEEE-TOC-HUMAN-20260814,SRC-RE-2022-MAIN-IEEE-BIBTEX-HUMAN-20260814,The Implications of ‘Soft’ Requirements,The Implications of ‘Soft’ Requirements,Alistair Sutcliffe; Pete Sawyer; Nelly Bencomo,Alistair Sutcliffe; Pete Sawyer; Nelly Bencomo,,10.1109/re54965.2022.00022,2022 IEEE 30th International Requirements Engineering Conference (RE),2022 IEEE 30th International Requirements Engineering Conference (RE),2022,2022,10.1109/RE54965.2022,https://ieeexplore.ieee.org/document/9920086/,,,,,178-188,,,,,AVAILABLE_CONTROLLED_NOT_REDISTRIBUTED,,,AVAILABLE_CONTROLLED_NOT_REDISTRIBUTED,,2026-08-14T09:50:03.457393Z,2026-08-14T20:54:16Z,false,,,,Matched to publisher BibTeX by IEEE record locator equals publisher BibTeX key. Discovery was not executed.
MS-RE-2022-MAIN-0023,MSU-RE-2022-MAIN,23,SRC-RE-2022-MAIN-IEEE-TOC-HUMAN-20260814,SRC-RE-2022-MAIN-IEEE-BIBTEX-HUMAN-20260814,What’s Inside a Cluster of Software User Feedback: A Study of Characterisation Methods,What’s Inside a Cluster of Software User Feedback: A Study of Characterisation Methods,Peter Devine; James Tizard; Hechen Wang; Yun Sing Koh; Kelly Blincoe,Peter Devine; James Tizard; Hechen Wang; Yun Sing Koh; Kelly Blincoe,,10.1109/re54965.2022.00023,2022 IEEE 30th International Requirements Engineering Conference (RE),2022 IEEE 30th International Requirements Engineering Conference (RE),2022,2022,10.1109/RE54965.2022,https://ieeexplore.ieee.org/document/9920051/,,,,,189-200,,,,,AVAILABLE_CONTROLLED_NOT_REDISTRIBUTED,,,AVAILABLE_CONTROLLED_NOT_REDISTRIBUTED,,2026-08-14T09:50:03.457393Z,2026-08-14T20:54:16Z,false,,,,Matched to publisher BibTeX by IEEE record locator equals publisher BibTeX key. Discovery was not executed.
MS-RE-2022-MAIN-0024,MSU-RE-2022-MAIN,24,SRC-RE-2022-MAIN-IEEE-TOC-HUMAN-20260814,SRC-RE-2022-MAIN-IEEE-BIBTEX-HUMAN-20260814,Creating Consistent Privacy Notices by Translating Code Segments into Privacy Captions,Creating Consistent Privacy Notices by Translating Code Segments into Privacy Captions,Vijayanta Jain,Vijayanta Jain,,10.1109/re54965.2022.00024,2022 IEEE 30th International Requirements Engineering Conference (RE),2022 IEEE 30th International Requirements Engineering Conference (RE),2022,2022,10.1109/RE54965.2022,https://ieeexplore.ieee.org/document/9920083/,,,,,201-206,,,,,AVAILABLE_CONTROLLED_NOT_REDISTRIBUTED,,,AVAILABLE_CONTROLLED_NOT_REDISTRIBUTED,,2026-08-14T09:50:03.457393Z,2026-08-14T20:54:16Z,false,,,,Matched to publisher BibTeX by IEEE record locator equals publisher BibTeX key. Discovery was not executed.
MS-RE-2022-MAIN-0025,MSU-RE-2022-MAIN,25,SRC-RE-2022-MAIN-IEEE-TOC-HUMAN-20260814,SRC-RE-2022-MAIN-IEEE-BIBTEX-HUMAN-20260814,Developing A Privacy Risk Analysis Framework for Heterogeneous IoT Network,Developing A Privacy Risk Analysis Framework for Heterogeneous IoT Network,Sanonda Datta Gupta,Sanonda Datta Gupta,,10.1109/re54965.2022.00025,2022 IEEE 30th International Requirements Engineering Conference (RE),2022 IEEE 30th International Requirements Engineering Conference (RE),2022,2022,10.1109/RE54965.2022,https://ieeexplore.ieee.org/document/9920026/,,,,,207-212,,,,,AVAILABLE_CONTROLLED_NOT_REDISTRIBUTED,,,AVAILABLE_CONTROLLED_NOT_REDISTRIBUTED,,2026-08-14T09:50:03.457393Z,2026-08-14T20:54:16Z,false,,,,Matched to publisher BibTeX by IEEE record locator equals publisher BibTeX key. Discovery was not executed.
MS-RE-2022-MAIN-0026,MSU-RE-2022-MAIN,26,SRC-RE-2022-MAIN-IEEE-TOC-HUMAN-20260814,SRC-RE-2022-MAIN-IEEE-BIBTEX-HUMAN-20260814,Documenting Regulatory Requirements Decision-Making as a Compliance Concern,Documenting Regulatory Requirements Decision-Making as a Compliance Concern,Evelyn Kempe,Evelyn Kempe,,10.1109/re54965.2022.00026,2022 IEEE 30th International Requirements Engineering Conference (RE),2022 IEEE 30th International Requirements Engineering Conference (RE),2022,2022,10.1109/RE54965.2022,https://ieeexplore.ieee.org/document/9920040/,,,,,213-218,,,,,AVAILABLE_CONTROLLED_NOT_REDISTRIBUTED,,,AVAILABLE_CONTROLLED_NOT_REDISTRIBUTED,,2026-08-14T09:50:03.457393Z,2026-08-14T20:54:16Z,false,,,,Matched to publisher BibTeX by IEEE record locator equals publisher BibTeX key. Discovery was not executed.
MS-RE-2022-MAIN-0027,MSU-RE-2022-MAIN,27,SRC-RE-2022-MAIN-IEEE-TOC-HUMAN-20260814,SRC-RE-2022-MAIN-IEEE-BIBTEX-HUMAN-20260814,Evidence-driven Data Requirements Engineering and Data Uncertainty Assessment of Machine Learning-based Safety-critical Systems,Evidence-driven Data Requirements Engineering and Data Uncertainty Assessment of Machine Learning-based Safety-critical Systems,Sangeeta Dey,Sangeeta Dey,,10.1109/re54965.2022.00027,2022 IEEE 30th International Requirements Engineering Conference (RE),2022 IEEE 30th International Requirements Engineering Conference (RE),2022,2022,10.1109/RE54965.2022,https://ieeexplore.ieee.org/document/9920056/,,,,,219-224,,,,,AVAILABLE_CONTROLLED_NOT_REDISTRIBUTED,,,AVAILABLE_CONTROLLED_NOT_REDISTRIBUTED,,2026-08-14T09:50:03.457393Z,2026-08-14T20:54:16Z,false,,,,Matched to publisher BibTeX by IEEE record locator equals publisher BibTeX key. Discovery was not executed.
MS-RE-2022-MAIN-0028,MSU-RE-2022-MAIN,28,SRC-RE-2022-MAIN-IEEE-TOC-HUMAN-20260814,SRC-RE-2022-MAIN-IEEE-BIBTEX-HUMAN-20260814,Towards a Decision Support Tool to Prescribe Recreation for Older Adults in Social Isolation (RxOSI),Towards a Decision Support Tool to Prescribe Recreation for Older Adults in Social Isolation (RxOSI),Namrata Bagaria,Namrata Bagaria,,10.1109/re54965.2022.00028,2022 IEEE 30th International Requirements Engineering Conference (RE),2022 IEEE 30th International Requirements Engineering Conference (RE),2022,2022,10.1109/RE54965.2022,https://ieeexplore.ieee.org/document/9920085/,,,,,225-230,,,,,AVAILABLE_CONTROLLED_NOT_REDISTRIBUTED,,,AVAILABLE_CONTROLLED_NOT_REDISTRIBUTED,,2026-08-14T09:50:03.457393Z,2026-08-14T20:54:16Z,false,,,,Matched to publisher BibTeX by IEEE record locator equals publisher BibTeX key. Discovery was not executed.
MS-RE-2022-MAIN-0029,MSU-RE-2022-MAIN,29,SRC-RE-2022-MAIN-IEEE-TOC-HUMAN-20260814,SRC-RE-2022-MAIN-IEEE-BIBTEX-HUMAN-20260814,A Box Analogy Technique (BoAT) for Agile-based Modelling of Business Processes,A Box Analogy Technique (BoAT) for Agile-based Modelling of Business Processes,Carlos Eduardo Da Silva; Leisia Medeiros; Yan Justino; Eduardo Luiz Gomes,Carlos Eduardo Da Silva; Leisia Medeiros; Yan Justino; Eduardo Luiz Gomes,,10.1109/re54965.2022.00029,2022 IEEE 30th International Requirements Engineering Conference (RE),2022 IEEE 30th International Requirements Engineering Conference (RE),2022,2022,10.1109/RE54965.2022,https://ieeexplore.ieee.org/document/9920017/,,,,,231-242,,,,,AVAILABLE_CONTROLLED_NOT_REDISTRIBUTED,,,AVAILABLE_CONTROLLED_NOT_REDISTRIBUTED,,2026-08-14T09:50:03.457393Z,2026-08-14T20:54:16Z,false,,,,Matched to publisher BibTeX by IEEE record locator equals publisher BibTeX key. Discovery was not executed.
MS-RE-2022-MAIN-0030,MSU-RE-2022-MAIN,30,SRC-RE-2022-MAIN-IEEE-TOC-HUMAN-20260814,SRC-RE-2022-MAIN-IEEE-BIBTEX-HUMAN-20260814,DizSpec: Digitalization of Requirements Specification Documents to Automate Traceability and Impact Analysis,DizSpec: Digitalization of Requirements Specification Documents to Automate Traceability and Impact Analysis,Asha Rajbhoj; Padmalata Nistala; Vinay Kulkarni; Shivani Soni; Ajim Pathan,Asha Rajbhoj; Padmalata Nistala; Vinay Kulkarni; Shivani Soni; Ajim Pathan,,10.1109/re54965.2022.00030,2022 IEEE 30th International Requirements Engineering Conference (RE),2022 IEEE 30th International Requirements Engineering Conference (RE),2022,2022,10.1109/RE54965.2022,https://ieeexplore.ieee.org/document/9920016/,,,,,243-254,,,,,AVAILABLE_CONTROLLED_NOT_REDISTRIBUTED,,,AVAILABLE_CONTROLLED_NOT_REDISTRIBUTED,,2026-08-14T09:50:03.457393Z,2026-08-14T20:54:16Z,false,,,,Matched to publisher BibTeX by IEEE record locator equals publisher BibTeX key. Discovery was not executed.
MS-RE-2022-MAIN-0031,MSU-RE-2022-MAIN,31,SRC-RE-2022-MAIN-IEEE-TOC-HUMAN-20260814,SRC-RE-2022-MAIN-IEEE-BIBTEX-HUMAN-20260814,AnnoteREI! A Tool for Transcribing and Annotating Requirements Elicitation Interviews,AnnoteREI! A Tool for Transcribing and Annotating Requirements Elicitation Interviews,Sourav Debnath; Santhiya Subramanian,Sourav Debnath; Santhiya Subramanian,,10.1109/re54965.2022.00031,2022 IEEE 30th International Requirements Engineering Conference (RE),2022 IEEE 30th International Requirements Engineering Conference (RE),2022,2022,10.1109/RE54965.2022,https://ieeexplore.ieee.org/document/9920036/,,,,,255-256,,,,,AVAILABLE_CONTROLLED_NOT_REDISTRIBUTED,,,AVAILABLE_CONTROLLED_NOT_REDISTRIBUTED,,2026-08-14T09:50:03.457393Z,2026-08-14T20:54:16Z,false,,,,Matched to publisher BibTeX by IEEE record locator equals publisher BibTeX key. Discovery was not executed.
MS-RE-2022-MAIN-0032,MSU-RE-2022-MAIN,32,SRC-RE-2022-MAIN-IEEE-TOC-HUMAN-20260814,SRC-RE-2022-MAIN-IEEE-BIBTEX-HUMAN-20260814,A Tool For Software Requirement Allocation Using Artificial Intelligence Planning,A Tool For Software Requirement Allocation Using Artificial Intelligence Planning,Fernanda C. Pereira; Gerhard B. Neto; Luis F. De Lima; Fabiano Silva; Letícia M. Peres,Fernanda C. Pereira; Gerhard B. Neto; Luis F. De Lima; Fabiano Silva; Letícia M. Peres,,10.1109/re54965.2022.00032,2022 IEEE 30th International Requirements Engineering Conference (RE),2022 IEEE 30th International Requirements Engineering Conference (RE),2022,2022,10.1109/RE54965.2022,https://ieeexplore.ieee.org/document/9920079/,,,,,257-258,,,,,AVAILABLE_CONTROLLED_NOT_REDISTRIBUTED,,,AVAILABLE_CONTROLLED_NOT_REDISTRIBUTED,,2026-08-14T09:50:03.457393Z,2026-08-14T20:54:16Z,false,,,,Matched to publisher BibTeX by IEEE record locator equals publisher BibTeX key. Discovery was not executed.
MS-RE-2022-MAIN-0033,MSU-RE-2022-MAIN,33,SRC-RE-2022-MAIN-IEEE-TOC-HUMAN-20260814,SRC-RE-2022-MAIN-IEEE-BIBTEX-HUMAN-20260814,A User-friendly Semi-automatic iStar Modeling Approach,A User-friendly Semi-automatic iStar Modeling Approach,Qixiang Zhou; Tong Li,Qixiang Zhou; Tong Li,,10.1109/re54965.2022.00033,2022 IEEE 30th International Requirements Engineering Conference (RE),2022 IEEE 30th International Requirements Engineering Conference (RE),2022,2022,10.1109/RE54965.2022,https://ieeexplore.ieee.org/document/9920059/,,,,,259-259,,,,,AVAILABLE_CONTROLLED_NOT_REDISTRIBUTED,,,AVAILABLE_CONTROLLED_NOT_REDISTRIBUTED,,2026-08-14T09:50:03.457393Z,2026-08-14T20:54:16Z,false,,,,Matched to publisher BibTeX by IEEE record locator equals publisher BibTeX key. Discovery was not executed.
MS-RE-2022-MAIN-0034,MSU-RE-2022-MAIN,34,SRC-RE-2022-MAIN-IEEE-TOC-HUMAN-20260814,SRC-RE-2022-MAIN-IEEE-BIBTEX-HUMAN-20260814,BiStar: A Template-Based iStar Modeling Tool Combining Graphical and Textual Modeling,BiStar: A Template-Based iStar Modeling Tool Combining Graphical and Textual Modeling,Haonan Xiong; Yunduo Wang; Tong Li,Haonan Xiong; Yunduo Wang; Tong Li,,10.1109/re54965.2022.00034,2022 IEEE 30th International Requirements Engineering Conference (RE),2022 IEEE 30th International Requirements Engineering Conference (RE),2022,2022,10.1109/RE54965.2022,https://ieeexplore.ieee.org/document/9920047/,,,,,260-261,,,,,AVAILABLE_CONTROLLED_NOT_REDISTRIBUTED,,,AVAILABLE_CONTROLLED_NOT_REDISTRIBUTED,,2026-08-14T09:50:03.457393Z,2026-08-14T20:54:16Z,false,,,,Matched to publisher BibTeX by IEEE record locator equals publisher BibTeX key. Discovery was not executed.
MS-RE-2022-MAIN-0035,MSU-RE-2022-MAIN,35,SRC-RE-2022-MAIN-IEEE-TOC-HUMAN-20260814,SRC-RE-2022-MAIN-IEEE-BIBTEX-HUMAN-20260814,NL2RT: A Tool to Translate Natural Language Text into Requirements Templates (RTs),NL2RT: A Tool to Translate Natural Language Text into Requirements Templates (RTs),Saurabh Tiwari; Parv Shah; Manish Khare,Saurabh Tiwari; Parv Shah; Manish Khare,,10.1109/re54965.2022.00035,2022 IEEE 30th International Requirements Engineering Conference (RE),2022 IEEE 30th International Requirements Engineering Conference (RE),2022,2022,10.1109/RE54965.2022,https://ieeexplore.ieee.org/document/9919895/,,,,,262-263,,,,,AVAILABLE_CONTROLLED_NOT_REDISTRIBUTED,,,AVAILABLE_CONTROLLED_NOT_REDISTRIBUTED,,2026-08-14T09:50:03.457393Z,2026-08-14T20:54:16Z,false,,,,Matched to publisher BibTeX by IEEE record locator equals publisher BibTeX key. Discovery was not executed.
MS-RE-2022-MAIN-0036,MSU-RE-2022-MAIN,36,SRC-RE-2022-MAIN-IEEE-TOC-HUMAN-20260814,SRC-RE-2022-MAIN-IEEE-BIBTEX-HUMAN-20260814,PrivacyStory: Tool Support for Extracting Privacy Requirements from User Stories,PrivacyStory: Tool Support for Extracting Privacy Requirements from User Stories,Guntur Budi Herwanto; Gerald Quirchmayr; A Min Tjoa,Guntur Budi Herwanto; Gerald Quirchmayr; A Min Tjoa,,10.1109/re54965.2022.00036,2022 IEEE 30th International Requirements Engineering Conference (RE),2022 IEEE 30th International Requirements Engineering Conference (RE),2022,2022,10.1109/RE54965.2022,https://ieeexplore.ieee.org/document/9920066/,,,,,264-265,,,,,AVAILABLE_CONTROLLED_NOT_REDISTRIBUTED,,,AVAILABLE_CONTROLLED_NOT_REDISTRIBUTED,,2026-08-14T09:50:03.457393Z,2026-08-14T20:54:16Z,false,,,,Matched to publisher BibTeX by IEEE record locator equals publisher BibTeX key. Discovery was not executed.
MS-RE-2022-MAIN-0037,MSU-RE-2022-MAIN,37,SRC-RE-2022-MAIN-IEEE-TOC-HUMAN-20260814,SRC-RE-2022-MAIN-IEEE-BIBTEX-HUMAN-20260814,PyFoReL: A Domain-Specific Language for Formal Requirements in Temporal Logic,PyFoReL: A Domain-Specific Language for Formal Requirements in Temporal Logic,Jacob Anderson; Mohammad Hekmatnejad; Georgios Fainekos,Jacob Anderson; Mohammad Hekmatnejad; Georgios Fainekos,,10.1109/re54965.2022.00037,2022 IEEE 30th International Requirements Engineering Conference (RE),2022 IEEE 30th International Requirements Engineering Conference (RE),2022,2022,10.1109/RE54965.2022,https://ieeexplore.ieee.org/document/9920080/,,,,,266-267,,,,,AVAILABLE_CONTROLLED_NOT_REDISTRIBUTED,,,AVAILABLE_CONTROLLED_NOT_REDISTRIBUTED,,2026-08-14T09:50:03.457393Z,2026-08-14T20:54:16Z,false,,,,Matched to publisher BibTeX by IEEE record locator equals publisher BibTeX key. Discovery was not executed.
MS-RE-2022-MAIN-0038,MSU-RE-2022-MAIN,38,SRC-RE-2022-MAIN-IEEE-TOC-HUMAN-20260814,SRC-RE-2022-MAIN-IEEE-BIBTEX-HUMAN-20260814,SafeWalk: a Simulation Tool Kit for Exploring Software Requirements in a Safety-Critical Product Line,SafeWalk: a Simulation Tool Kit for Exploring Software Requirements in a Safety-Critical Product Line,James I. Lathrop; Robyn R. Lutz; Cameron Brecount; Hugh Potter; Kathryn Rohlfing; Jesse Slater; Joshua Wallin,James I. Lathrop; Robyn R. Lutz; Cameron Brecount; Hugh Potter; Kathryn Rohlfing; Jesse Slater; Joshua Wallin,,10.1109/re54965.2022.00038,2022 IEEE 30th International Requirements Engineering Conference (RE),2022 IEEE 30th International Requirements Engineering Conference (RE),2022,2022,10.1109/RE54965.2022,https://ieeexplore.ieee.org/document/9920060/,,,,,268-269,,,,,AVAILABLE_CONTROLLED_NOT_REDISTRIBUTED,,,AVAILABLE_CONTROLLED_NOT_REDISTRIBUTED,,2026-08-14T09:50:03.457393Z,2026-08-14T20:54:16Z,false,,,,Matched to publisher BibTeX by IEEE record locator equals publisher BibTeX key. Discovery was not executed.
MS-RE-2022-MAIN-0039,MSU-RE-2022-MAIN,39,SRC-RE-2022-MAIN-IEEE-TOC-HUMAN-20260814,SRC-RE-2022-MAIN-IEEE-BIBTEX-HUMAN-20260814,Towards an automatic requirements classification in a new Spanish dataset,Towards an automatic requirements classification in a new Spanish dataset,María-Isabel Limaylla-Lunarejo; Nelly Condori-Fernandez; Miguel R. Luaces,María-Isabel Limaylla-Lunarejo; Nelly Condori-Fernandez; Miguel R. Luaces,,10.1109/re54965.2022.00039,2022 IEEE 30th International Requirements Engineering Conference (RE),2022 IEEE 30th International Requirements Engineering Conference (RE),2022,2022,10.1109/RE54965.2022,https://ieeexplore.ieee.org/document/9920077/,,,,,270-271,,,,,AVAILABLE_CONTROLLED_NOT_REDISTRIBUTED,,,AVAILABLE_CONTROLLED_NOT_REDISTRIBUTED,,2026-08-14T09:50:03.457393Z,2026-08-14T20:54:16Z,false,,,,Matched to publisher BibTeX by IEEE record locator equals publisher BibTeX key. Discovery was not executed.
MS-RE-2022-MAIN-0040,MSU-RE-2022-MAIN,40,SRC-RE-2022-MAIN-IEEE-TOC-HUMAN-20260814,SRC-RE-2022-MAIN-IEEE-BIBTEX-HUMAN-20260814,A Chatbot for the Elicitation of Contextual Information from User Feedback,A Chatbot for the Elicitation of Contextual Information from User Feedback,Robert Wolfinger; Farnaz Fotrousi; Walid Maalej,Robert Wolfinger; Farnaz Fotrousi; Walid Maalej,,10.1109/re54965.2022.00040,2022 IEEE 30th International Requirements Engineering Conference (RE),2022 IEEE 30th International Requirements Engineering Conference (RE),2022,2022,10.1109/RE54965.2022,https://ieeexplore.ieee.org/document/9919890/,,,,,272-273,,,,,AVAILABLE_CONTROLLED_NOT_REDISTRIBUTED,,,AVAILABLE_CONTROLLED_NOT_REDISTRIBUTED,,2026-08-14T09:50:03.457393Z,2026-08-14T20:54:16Z,false,,,,Matched to publisher BibTeX by IEEE record locator equals publisher BibTeX key. Discovery was not executed.
MS-RE-2022-MAIN-0041,MSU-RE-2022-MAIN,41,SRC-RE-2022-MAIN-IEEE-TOC-HUMAN-20260814,SRC-RE-2022-MAIN-IEEE-BIBTEX-HUMAN-20260814,A Live Extensible Ontology of Quality Factors for Textual Requirements,A Live Extensible Ontology of Quality Factors for Textual Requirements,Julian Frattini; Lloyd Montgomery; Jannik Fischbach; Michael Unterkalmsteiner; Daniel Mendez; Davide Fucci,Julian Frattini; Lloyd Montgomery; Jannik Fischbach; Michael Unterkalmsteiner; Daniel Mendez; Davide Fucci,,10.1109/re54965.2022.00041,2022 IEEE 30th International Requirements Engineering Conference (RE),2022 IEEE 30th International Requirements Engineering Conference (RE),2022,2022,10.1109/RE54965.2022,https://ieeexplore.ieee.org/document/9920041/,,,,,274-280,,,,,AVAILABLE_CONTROLLED_NOT_REDISTRIBUTED,,,AVAILABLE_CONTROLLED_NOT_REDISTRIBUTED,,2026-08-14T09:50:03.457393Z,2026-08-14T20:54:16Z,false,,,,Matched to publisher BibTeX by IEEE record locator equals publisher BibTeX key. Discovery was not executed.
MS-RE-2022-MAIN-0042,MSU-RE-2022-MAIN,42,SRC-RE-2022-MAIN-IEEE-TOC-HUMAN-20260814,SRC-RE-2022-MAIN-IEEE-BIBTEX-HUMAN-20260814,Back to the Roots: Linking User Stories to Requirements Elicitation Conversations,Back to the Roots: Linking User Stories to Requirements Elicitation Conversations,Tjerk Spijkman; Fabiano Dalpiaz; Sjaak Brinkkemper,Tjerk Spijkman; Fabiano Dalpiaz; Sjaak Brinkkemper,,10.1109/re54965.2022.00042,2022 IEEE 30th International Requirements Engineering Conference (RE),2022 IEEE 30th International Requirements Engineering Conference (RE),2022,2022,10.1109/RE54965.2022,https://ieeexplore.ieee.org/document/9920091/,,,,,281-287,,,,,AVAILABLE_CONTROLLED_NOT_REDISTRIBUTED,,,AVAILABLE_CONTROLLED_NOT_REDISTRIBUTED,,2026-08-14T09:50:03.457393Z,2026-08-14T20:54:16Z,false,,,,Matched to publisher BibTeX by IEEE record locator equals publisher BibTeX key. Discovery was not executed.
MS-RE-2022-MAIN-0043,MSU-RE-2022-MAIN,43,SRC-RE-2022-MAIN-IEEE-TOC-HUMAN-20260814,SRC-RE-2022-MAIN-IEEE-BIBTEX-HUMAN-20260814,Done is better than perfect: Iterative Adaptation via Multi-grained Requirement Relaxation,Done is better than perfect: Iterative Adaptation via Multi-grained Requirement Relaxation,Jialong Li; Kenji Tei,Jialong Li; Kenji Tei,,10.1109/re54965.2022.00043,2022 IEEE 30th International Requirements Engineering Conference (RE),2022 IEEE 30th International Requirements Engineering Conference (RE),2022,2022,10.1109/RE54965.2022,https://ieeexplore.ieee.org/document/9920063/,,,,,288-294,,,,,AVAILABLE_CONTROLLED_NOT_REDISTRIBUTED,,,AVAILABLE_CONTROLLED_NOT_REDISTRIBUTED,,2026-08-14T09:50:03.457393Z,2026-08-14T20:54:16Z,false,,,,Matched to publisher BibTeX by IEEE record locator equals publisher BibTeX key. Discovery was not executed.
MS-RE-2022-MAIN-0044,MSU-RE-2022-MAIN,44,SRC-RE-2022-MAIN-IEEE-TOC-HUMAN-20260814,SRC-RE-2022-MAIN-IEEE-BIBTEX-HUMAN-20260814,Explainability in a Time of Socially Responsible Software,Explainability in a Time of Socially Responsible Software,Roxana Lisette Quintanilla Portugal; Luiz Marcio Cysneiros; Julio Cesar Sampaio Do Prado Leite,Roxana Lisette Quintanilla Portugal; Luiz Marcio Cysneiros; Julio Cesar Sampaio Do Prado Leite,,10.1109/re54965.2022.00044,2022 IEEE 30th International Requirements Engineering Conference (RE),2022 IEEE 30th International Requirements Engineering Conference (RE),2022,2022,10.1109/RE54965.2022,https://ieeexplore.ieee.org/document/9920082/,,,,,295-301,,,,,AVAILABLE_CONTROLLED_NOT_REDISTRIBUTED,,,AVAILABLE_CONTROLLED_NOT_REDISTRIBUTED,,2026-08-14T09:50:03.457393Z,2026-08-14T20:54:16Z,false,,,,Matched to publisher BibTeX by IEEE record locator equals publisher BibTeX key. Discovery was not executed.
MS-RE-2022-MAIN-0045,MSU-RE-2022-MAIN,45,SRC-RE-2022-MAIN-IEEE-TOC-HUMAN-20260814,SRC-RE-2022-MAIN-IEEE-BIBTEX-HUMAN-20260814,Requirements Engineering for Safety-Critical Molecular Programs,Requirements Engineering for Safety-Critical Molecular Programs,Robyn R. Lutz,Robyn R. Lutz,,10.1109/re54965.2022.00045,2022 IEEE 30th International Requirements Engineering Conference (RE),2022 IEEE 30th International Requirements Engineering Conference (RE),2022,2022,10.1109/RE54965.2022,https://ieeexplore.ieee.org/document/9920021/,,,,,302-308,,,,,AVAILABLE_CONTROLLED_NOT_REDISTRIBUTED,,,AVAILABLE_CONTROLLED_NOT_REDISTRIBUTED,,2026-08-14T09:50:03.457393Z,2026-08-14T20:54:16Z,false,,,,Matched to publisher BibTeX by IEEE record locator equals publisher BibTeX key. Discovery was not executed.
MS-RE-2022-MAIN-0046,MSU-RE-2022-MAIN,46,SRC-RE-2022-MAIN-IEEE-TOC-HUMAN-20260814,SRC-RE-2022-MAIN-IEEE-BIBTEX-HUMAN-20260814,Retraining a BERT Model for Transfer Learning in Requirements Engineering: A Preliminary Study,Retraining a BERT Model for Transfer Learning in Requirements Engineering: A Preliminary Study,Muideen Ajagbe; Liping Zhao,Muideen Ajagbe; Liping Zhao,,10.1109/re54965.2022.00046,2022 IEEE 30th International Requirements Engineering Conference (RE),2022 IEEE 30th International Requirements Engineering Conference (RE),2022,2022,10.1109/RE54965.2022,https://ieeexplore.ieee.org/document/9920081/,,,,,309-315,,,,,AVAILABLE_CONTROLLED_NOT_REDISTRIBUTED,,,AVAILABLE_CONTROLLED_NOT_REDISTRIBUTED,,2026-08-14T09:50:03.457393Z,2026-08-14T20:54:16Z,false,,,,Matched to publisher BibTeX by IEEE record locator equals publisher BibTeX key. Discovery was not executed.
MS-RE-2022-MAIN-0047,MSU-RE-2022-MAIN,47,SRC-RE-2022-MAIN-IEEE-TOC-HUMAN-20260814,SRC-RE-2022-MAIN-IEEE-BIBTEX-HUMAN-20260814,Teaching and learning Requirements Engineering concepts: Peer-review skills vs. problem solving skills,Teaching and learning Requirements Engineering concepts: Peer-review skills vs. problem solving skills,Maria Spichkova,Maria Spichkova,,10.1109/re54965.2022.00047,2022 IEEE 30th International Requirements Engineering Conference (RE),2022 IEEE 30th International Requirements Engineering Conference (RE),2022,2022,10.1109/RE54965.2022,https://ieeexplore.ieee.org/document/9920097/,,,,,316-322,,,,,AVAILABLE_CONTROLLED_NOT_REDISTRIBUTED,,,AVAILABLE_CONTROLLED_NOT_REDISTRIBUTED,,2026-08-14T09:50:03.457393Z,2026-08-14T20:54:16Z,false,,,,Matched to publisher BibTeX by IEEE record locator equals publisher BibTeX key. Discovery was not executed.
MS-RE-2022-MAIN-0048,MSU-RE-2022-MAIN,48,SRC-RE-2022-MAIN-IEEE-TOC-HUMAN-20260814,SRC-RE-2022-MAIN-IEEE-BIBTEX-HUMAN-20260814,Telling Us Your Needs with Your Eyes,Telling Us Your Needs with Your Eyes,Rongchen Li; Tong Li,Rongchen Li; Tong Li,,10.1109/re54965.2022.00048,2022 IEEE 30th International Requirements Engineering Conference (RE),2022 IEEE 30th International Requirements Engineering Conference (RE),2022,2022,10.1109/RE54965.2022,https://ieeexplore.ieee.org/document/9920038/,,,,,323-329,,,,,AVAILABLE_CONTROLLED_NOT_REDISTRIBUTED,,,AVAILABLE_CONTROLLED_NOT_REDISTRIBUTED,,2026-08-14T09:50:03.457393Z,2026-08-14T20:54:16Z,false,,,,Matched to publisher BibTeX by IEEE record locator equals publisher BibTeX key. Discovery was not executed.
MS-RE-2022-MAIN-0049,MSU-RE-2022-MAIN,49,SRC-RE-2022-MAIN-IEEE-TOC-HUMAN-20260814,SRC-RE-2022-MAIN-IEEE-BIBTEX-HUMAN-20260814,Author Index,Author Index,,,,10.1109/re54965.2022.00049,2022 IEEE 30th International Requirements Engineering Conference (RE),2022 IEEE 30th International Requirements Engineering Conference (RE),2022,2022,10.1109/RE54965.2022,,,,,,331-332,,,,,AVAILABLE_CONTROLLED_NOT_REDISTRIBUTED,,,NOT_REPORTED_BY_SOURCE,,2026-08-14T09:50:03.457393Z,2026-08-14T20:54:16Z,false,,,,Matched to publisher BibTeX by literal title. Discovery was not executed.
