SearchSourceID,SourceName,ProtocolRole,ValidationStatus,ValidatedStrategy,ProductionSearchStatus,ProductionExportStatus,CandidateMergeStatus,DecisionStatus,RequiredBeforePreDiscoveryClosure,RequiredDuringFinalSearchUpdate,CurrentBlocker,EvidencePath,Notes
IS-SCOPUS,Scopus,CORE,VALIDATED,S4 / Scopus search strategy v1.0,NOT_FORMALLY_RECORDED,NOT_FORMALLY_RECORDED,NOT_STARTED,RETAINED_CORE,REQUIRED,REQUIRED,,search/automated/scopus/validation/,The source-specific strategy is validated. Formal production retrieval and its export must be recorded separately.
IS-WOS,Web of Science Core Collection,CORE,NOT_STARTED,,NOT_STARTED,NOT_STARTED,NOT_STARTED,RETAINED_CORE,REQUIRED,REQUIRED,,,
IS-IEEE-XPLORE,IEEE Xplore,CORE,VALIDATED,I3 / IEEE Xplore search strategy v1.0,NOT_FORMALLY_RECORDED,NOT_FORMALLY_RECORDED,NOT_STARTED,RETAINED_CORE,REQUIRED,REQUIRED,,search/automated/ieee-xplore/validation/,
IS-ACM-DL,ACM Digital Library,CORE,VALIDATED,A2 / ACM Full-Text Collection search strategy v1.0,NOT_FORMALLY_RECORDED,NOT_FORMALLY_RECORDED,NOT_STARTED,RETAINED_CORE,REQUIRED,REQUIRED,,search/automated/acm/validation/,
IS-SCIENCEDIRECT,ScienceDirect,PROVISIONAL_COMPLEMENTARY,DECISION_PENDING,,NOT_STARTED,NOT_STARTED,NOT_STARTED,PROVISIONAL_DECISION_PENDING,DECISION_REQUIRED,CONDITIONAL_IF_RETAINED,,,Retention or exclusion depends on the source-retention rule already recorded in protocol v1.7.
IS-ARXIV,arXiv,COMPLEMENTARY,NOT_STARTED,,NOT_STARTED,NOT_STARTED,NOT_STARTED,RETAINED_COMPLEMENTARY,REQUIRED,REQUIRED,,,
IS-GOOGLE-SCHOLAR,Google Scholar,CITATION_DISCOVERY_ONLY,NOT_APPLICABLE,,DEFERRED_PROTOCOL_SEQUENCE,NOT_APPLICABLE,NOT_STARTED,CITATION_DISCOVERY_ONLY,NOT_APPLICABLE,REQUIRED_FOR_SNOWBALLING,,,Used during snowballing and not as a principal automated database.
IS-MANUAL-VENUE,Manual venue search,COVERAGE_VALIDATION,NOT_APPLICABLE,,IN_PROGRESS,NOT_APPLICABLE,NOT_STARTED,COVERAGE_VALIDATION,REQUIRED,REQUIRED,,search/manual/,
IS-SNOWBALLING,Backward and forward snowballing,COMPLEMENTARY_SEARCH,NOT_APPLICABLE,,DEFERRED_PROTOCOL_SEQUENCE,NOT_APPLICABLE,NOT_STARTED,COMPLEMENTARY_SEARCH,NOT_APPLICABLE,REQUIRED_FOR_SNOWBALLING,,,The start set remains the one defined in protocol v1.7.
