EvidenceID,OriginalFilename,DetectedYear,DetectedTrack,DetectedPublisher,DetectedProceedingsTitle,Format,SHA256,SizeBytes,RecordCount,ScopeStatus,DuplicateOf,IntegrityStatus,AssignmentStatus,ControlledPath,ProcessingStatus,Notes
EVI-MODELS-CAPES-001,models_2018_companion.bib,2018,MAIN,Association for Computing Machinery,Proceedings of the 21th ACM/IEEE International Conference on Model Driven Engineering Languages and Systems,BibTeX,331d0e12881625c388a2db0897d53e8a0aee0893e7af05d49c61b4209247a404,83654,45,OUTSIDE_PROTOCOL_INTERVAL,,VERIFIED,ASSIGNED,controlled://models/historical/2018/publisher_export.bib,HISTORICAL_QUARANTINED,Content identifies the MODELS 2018 main proceedings despite the original filename.
EVI-MODELS-CAPES-002,models_2018_conference.bib,2018,MAIN,Association for Computing Machinery,Proceedings of the 21th ACM/IEEE International Conference on Model Driven Engineering Languages and Systems,BibTeX,331d0e12881625c388a2db0897d53e8a0aee0893e7af05d49c61b4209247a404,83654,45,OUTSIDE_PROTOCOL_INTERVAL,EVI-MODELS-CAPES-001,VERIFIED,DUPLICATE,controlled://models/historical/2018/publisher_export.bib,DUPLICATE_RECORDED,Byte-identical to models_2018_companion.bib; only one canonical controlled copy is retained.
EVI-MODELS-CAPES-003,models_2019_companion.bib,2019,COMPANION,IEEE Press,Proceedings of the 22nd International Conference on Model Driven Engineering Languages and Systems Companion,BibTeX,14426dfb48421db648cd514461a3d46cb54116aa0d24b3e22d2024f31ba0afeb,203878,117,OUTSIDE_PROTOCOL_INTERVAL,,VERIFIED,ASSIGNED,controlled://models/historical/2019/publisher_export.bib,HISTORICAL_QUARANTINED,Publisher metadata reports year 2021 although the venue identity and DOI values identify MODELS 2019 Companion; preserved without correction.
EVI-MODELS-CAPES-004,models_2020_companion.bib,2020,COMPANION,Association for Computing Machinery,Proceedings of the 23rd ACM/IEEE International Conference on Model Driven Engineering Languages and Systems: Companion Proceedings,BibTeX,e1074621ebd411b245c976cf4cbd5d8f4e5db5512e26bd17d517e07d67c4303c,176257,94,OUTSIDE_PROTOCOL_INTERVAL,,VERIFIED,ASSIGNED,controlled://models/historical/2020/publisher_export.bib,HISTORICAL_QUARANTINED,Outside the protocol interval; no production unit instantiated.
EVI-MODELS-CAPES-005,models_2022_companion.bib,2022,COMPANION,Association for Computing Machinery,Proceedings of the 25th International Conference on Model Driven Engineering Languages and Systems: Companion Proceedings,BibTeX,30e13ecebbfa35c68bce17e62c8a799aa17612954d14bfeb9c6ae8782681d155,249756,133,IN_SCOPE,,VERIFIED,ASSIGNED,controlled://models/2022/companion/publisher_export.bib,INTAKE_COMPLETE,Publisher-generated metadata export; does not define documentary membership.
EVI-MODELS-CAPES-006,models_2022_conference.bib,2022,MAIN,Association for Computing Machinery,Proceedings of the 25th International Conference on Model Driven Engineering Languages and Systems,BibTeX,f1229af15dd5962cbcb9475b687cb2abb2996373423f75116152a573bd1574a1,72191,35,IN_SCOPE,,VERIFIED,ASSIGNED,controlled://models/2022/main/publisher_export.bib,INTAKE_COMPLETE,Publisher-generated metadata export; does not define documentary membership.
EVI-MODELS-CAPES-007,models_2024_companion.bib,2024,COMPANION,Association for Computing Machinery,Proceedings of the ACM/IEEE 27th International Conference on Model Driven Engineering Languages and Systems,BibTeX,c82b6488559f24e446a932e53f99f1f85a53fa8e82596cac1ef628e0e03c5f15,291392,156,IN_SCOPE,,VERIFIED,ASSIGNED,controlled://models/2024/companion/publisher_export.bib,INTAKE_COMPLETE,Series metadata identifies MODELS Companion 2024; export does not define documentary membership.
EVI-MODELS-CAPES-008,models_2024_conference.bib,2024,MAIN,Association for Computing Machinery,Proceedings of the ACM/IEEE 27th International Conference on Model Driven Engineering Languages and Systems,BibTeX,950537197d9a5d4313ec49b8b1f71a8d5b1175a5b87f4d0117b4f364f56ea86f,54469,26,IN_SCOPE,SRC-MODELS-2024-MAIN-ACM-BIBTEX-HUMAN-20260811,VERIFIED,DUPLICATE,controlled://MSU-MODELS-2024-MAIN/acm_primary_toc_2026-08-11.bib,DUPLICATE_RECORDED,Byte-identical to the controlled metadata evidence already registered for the validated pilot; the existing evidence was not replaced.
EVI-MODELS-CAPES-009,models_2018_companion_pdfs.zip,2018,MAIN,Association for Computing Machinery,Proceedings of the 21th ACM/IEEE International Conference on Model Driven Engineering Languages and Systems,ZIP,7252d72fd638d0d9d956effe00b966345ef6d3787791b9226e1b9a9dcd5c923d,50698416,45,OUTSIDE_PROTOCOL_INTERVAL,,VERIFIED,ASSIGNED,controlled://models/historical/2018/publisher_pdf_package_001.zip,HISTORICAL_QUARANTINED,CONTROLLED_FULLTEXT_PACKAGE; PDF metadata corresponds to the MODELS 2018 main export and is not used for screening.
EVI-MODELS-CAPES-010,models_2018_conference_pdfs.zip,2018,MAIN,Association for Computing Machinery,Proceedings of the 21th ACM/IEEE International Conference on Model Driven Engineering Languages and Systems,ZIP,c0cc737ac7733f6bbecb538777d3dedb3f9976156fde66cd1551ec6f3608725e,50702414,45,OUTSIDE_PROTOCOL_INTERVAL,EVI-MODELS-CAPES-009,VERIFIED,DUPLICATE,controlled://models/historical/2018/publisher_pdf_package_002.zip,DUPLICATE_RECORDED,Archive bytes differ but all 45 PDF member SHA-256 values are identical to EVI-MODELS-CAPES-009.
EVI-MODELS-CAPES-011,models_2020_companion_part1_pdf.zip,2020,COMPANION,Association for Computing Machinery,Proceedings of the 23rd ACM/IEEE International Conference on Model Driven Engineering Languages and Systems: Companion Proceedings,ZIP,22b59dd70fd95ccbc96fc2d76152c099c2da36862e14f72360542f2839e658c6,36674044,48,OUTSIDE_PROTOCOL_INTERVAL,,VERIFIED,ASSIGNED,controlled://models/historical/2020/publisher_pdf_package_001.zip,HISTORICAL_QUARANTINED,CONTROLLED_FULLTEXT_PACKAGE; outside the protocol interval.
EVI-MODELS-CAPES-012,models_2020_companion_part2_pdf.zip,2020,COMPANION,Association for Computing Machinery,Proceedings of the 23rd ACM/IEEE International Conference on Model Driven Engineering Languages and Systems: Companion Proceedings,ZIP,b16edd136072960d35c4540eb29082e97fd8b107aa12fc9fb8c21b0a82aa2c9f,42362988,46,OUTSIDE_PROTOCOL_INTERVAL,,VERIFIED,ASSIGNED,controlled://models/historical/2020/publisher_pdf_package_002.zip,HISTORICAL_QUARANTINED,CONTROLLED_FULLTEXT_PACKAGE; outside the protocol interval.
EVI-MODELS-CAPES-013,models_2022_companion_part1_pdf.zip,2022,COMPANION,Association for Computing Machinery,Proceedings of the 25th International Conference on Model Driven Engineering Languages and Systems: Companion Proceedings,ZIP,d8182c31ccd9b736aa5d609fccd14e7505f3261c2bdff5a19637889a8185a8e0,28559664,36,IN_SCOPE,,VERIFIED,ASSIGNED,controlled://models/2022/companion/publisher_pdf_package_001.zip,INTAKE_COMPLETE,CONTROLLED_FULLTEXT_PACKAGE used only as a package-completeness crosscheck; does not define documentary membership.
EVI-MODELS-CAPES-014,models_2022_companion_part2_pdf.zip,2022,COMPANION,Association for Computing Machinery,Proceedings of the 25th International Conference on Model Driven Engineering Languages and Systems: Companion Proceedings,ZIP,1618530e712cc9d3dfece2927061964be286f3f1ced1750af0a0261b96acea32,34607812,43,IN_SCOPE,,VERIFIED,ASSIGNED,controlled://models/2022/companion/publisher_pdf_package_002.zip,INTAKE_COMPLETE,CONTROLLED_FULLTEXT_PACKAGE used only as a package-completeness crosscheck; does not define documentary membership.
EVI-MODELS-CAPES-015,models_2022_companion_part3_pdf.zip,2022,COMPANION,Association for Computing Machinery,Proceedings of the 25th International Conference on Model Driven Engineering Languages and Systems: Companion Proceedings,ZIP,2d64e737bc4ee62b8c41ecbeea019ebd5a6f1354a8857baa8994564973eb4117,37534989,43,IN_SCOPE,,VERIFIED,ASSIGNED,controlled://models/2022/companion/publisher_pdf_package_003.zip,INTAKE_COMPLETE,CONTROLLED_FULLTEXT_PACKAGE; 12 PDF hashes also occur in part 1 and the overlap is retained in the controlled audit.
EVI-MODELS-CAPES-016,models_2022_companion_pdfs.zip,2022,MAIN,Association for Computing Machinery,Proceedings of the 25th International Conference on Model Driven Engineering Languages and Systems,ZIP,746e4fa00febb8a1ad1f4edf3a89ee8f4478d01fd66e2cd9f8a7edbf5980dcde,44056778,35,IN_SCOPE,,VERIFIED,ASSIGNED,controlled://models/2022/main/publisher_pdf_package_001.zip,INTAKE_COMPLETE,Internal DOI locators and PDF metadata identify the Main proceedings despite the original filename; package does not define membership.
EVI-MODELS-CAPES-017,models_2024_companion_part1_pdf.zip,2024,COMPANION,Association for Computing Machinery,Proceedings of the ACM/IEEE 27th International Conference on Model Driven Engineering Languages and Systems,ZIP,25609e1d149f274bb88405971e6dba4ce3e912f2a4b18c177302d6c8050da0bd,32151707,33,IN_SCOPE,,VERIFIED,ASSIGNED,controlled://models/2024/companion/publisher_pdf_package_001.zip,INTAKE_COMPLETE,CONTROLLED_FULLTEXT_PACKAGE used only as a package-completeness crosscheck; does not define documentary membership.
EVI-MODELS-CAPES-018,models_2024_companion_part2_pdf.zip,2024,COMPANION,Association for Computing Machinery,Proceedings of the ACM/IEEE 27th International Conference on Model Driven Engineering Languages and Systems,ZIP,a21e8841437256bb769f8d00a0c4d75fec2a35a9fdd07453666ce9f978b51bb2,48169558,35,IN_SCOPE,,VERIFIED,ASSIGNED,controlled://models/2024/companion/publisher_pdf_package_002.zip,INTAKE_COMPLETE,CONTROLLED_FULLTEXT_PACKAGE used only as a package-completeness crosscheck; does not define documentary membership.
EVI-MODELS-CAPES-019,models_2024_companion_part3_pdf.zip,2024,COMPANION,Association for Computing Machinery,Proceedings of the ACM/IEEE 27th International Conference on Model Driven Engineering Languages and Systems,ZIP,4449d0089b09a84ea015a30ff543f62232203a36d5e635118905561c83c999c8,59628407,50,IN_SCOPE,,VERIFIED,ASSIGNED,controlled://models/2024/companion/publisher_pdf_package_003.zip,INTAKE_COMPLETE,CONTROLLED_FULLTEXT_PACKAGE used only as a package-completeness crosscheck; does not define documentary membership.
EVI-MODELS-CAPES-020,models_2024_companion_part4_pdf.zip,2024,COMPANION,Association for Computing Machinery,Proceedings of the ACM/IEEE 27th International Conference on Model Driven Engineering Languages and Systems,ZIP,4449d0089b09a84ea015a30ff543f62232203a36d5e635118905561c83c999c8,59628407,50,IN_SCOPE,EVI-MODELS-CAPES-019,VERIFIED,DUPLICATE,controlled://models/2024/companion/publisher_pdf_package_003.zip,DUPLICATE_RECORDED,Byte-identical to part 3; a second canonical controlled copy was not created.
EVI-MODELS-CAPES-021,models_2024_companion_part5_pdf.zip,2024,COMPANION,Association for Computing Machinery,Proceedings of the ACM/IEEE 27th International Conference on Model Driven Engineering Languages and Systems,ZIP,5e7c0a9ead9fca09a9f3fb9e9daec38c52667a0c47003f8d719db9fd8f4a8110,57061202,38,IN_SCOPE,,VERIFIED,ASSIGNED,controlled://models/2024/companion/publisher_pdf_package_004.zip,INTAKE_COMPLETE,CONTROLLED_FULLTEXT_PACKAGE used only as a package-completeness crosscheck; does not define documentary membership.
EVI-MODELS-CAPES-022,models_2024_conference_pdfs.zip,2024,MAIN,Association for Computing Machinery,Proceedings of the ACM/IEEE 27th International Conference on Model Driven Engineering Languages and Systems,ZIP,70f4fb598e65253c00fb69f673be320014675ba3da27b5d35cce375f4aec2edf,45571726,26,IN_SCOPE,,VERIFIED,ASSIGNED,controlled://models/2024/main/publisher_pdf_package_001.zip,INTAKE_COMPLETE,CONTROLLED_FULLTEXT_PACKAGE for the already completed pilot; no pilot artifact was regenerated.
