ManualSearchID,ManualSearchUnitID,SourceOrdinal,InventorySourceID,SourceRecordLocator,TitleRaw,AuthorsRaw,DOIRaw,VenueRaw,YearRaw,VolumeTrackIssueRaw,PublisherRecordURLRaw,RetrievedAt,ExtractionMethod,Notes
MS-NLBSE-2025-0001,MSU-NLBSE-2025,1,SRC-NLBSE-2025-PUBLISHER-TOC-HUMAN-20260815,,Title Page,,,2025 IEEE/ACM International Workshop on Natural Language-Based Software Engineering (NLBSE),2025,10.1109/NLBSE66842.2025,,2026-08-14T20:23:12Z,audit_ieee_toc_html.pl offline structural extraction,Complete controlled publisher PRIMARY_TOC membership row; discovery was not executed.
MS-NLBSE-2025-0002,MSU-NLBSE-2025,2,SRC-NLBSE-2025-PUBLISHER-TOC-HUMAN-20260815,,Title Page,,,2025 IEEE/ACM International Workshop on Natural Language-Based Software Engineering (NLBSE),2025,10.1109/NLBSE66842.2025,,2026-08-14T20:23:12Z,audit_ieee_toc_html.pl offline structural extraction,Complete controlled publisher PRIMARY_TOC membership row; discovery was not executed.
MS-NLBSE-2025-0003,MSU-NLBSE-2025,3,SRC-NLBSE-2025-PUBLISHER-TOC-HUMAN-20260815,,Copyright Page,,,2025 IEEE/ACM International Workshop on Natural Language-Based Software Engineering (NLBSE),2025,10.1109/NLBSE66842.2025,,2026-08-14T20:23:12Z,audit_ieee_toc_html.pl offline structural extraction,Complete controlled publisher PRIMARY_TOC membership row; discovery was not executed.
MS-NLBSE-2025-0004,MSU-NLBSE-2025,4,SRC-NLBSE-2025-PUBLISHER-TOC-HUMAN-20260815,,Table of Contents,,,2025 IEEE/ACM International Workshop on Natural Language-Based Software Engineering (NLBSE),2025,10.1109/NLBSE66842.2025,,2026-08-14T20:23:12Z,audit_ieee_toc_html.pl offline structural extraction,Complete controlled publisher PRIMARY_TOC membership row; discovery was not executed.
MS-NLBSE-2025-0005,MSU-NLBSE-2025,5,SRC-NLBSE-2025-PUBLISHER-TOC-HUMAN-20260815,https://ieeexplore.ieee.org/document/11029441/,Message from NLBSE 2025 Program Chairs,Maliheh Izadi; Andrea Di Sorbo; Sebastiano Panichella,,2025 IEEE/ACM International Workshop on Natural Language-Based Software Engineering (NLBSE),2025,10.1109/NLBSE66842.2025,https://ieeexplore.ieee.org/document/11029441/,2026-08-14T20:23:12Z,audit_ieee_toc_html.pl offline structural extraction,Complete controlled publisher PRIMARY_TOC membership row; discovery was not executed.
MS-NLBSE-2025-0006,MSU-NLBSE-2025,6,SRC-NLBSE-2025-PUBLISHER-TOC-HUMAN-20260815,https://ieeexplore.ieee.org/document/11029382/,Analyzing Toxicity in Open Source Software Communications Using Psycholinguistics and Moral Foundations Theory,Ramtin Ehsani; Rezvaneh Rezapour; Preetha Chatterjee,,2025 IEEE/ACM International Workshop on Natural Language-Based Software Engineering (NLBSE),2025,10.1109/NLBSE66842.2025,https://ieeexplore.ieee.org/document/11029382/,2026-08-14T20:23:12Z,audit_ieee_toc_html.pl offline structural extraction,Complete controlled publisher PRIMARY_TOC membership row; discovery was not executed.
MS-NLBSE-2025-0007,MSU-NLBSE-2025,7,SRC-NLBSE-2025-PUBLISHER-TOC-HUMAN-20260815,https://ieeexplore.ieee.org/document/11029433/,SkillScope: A Tool to Predict Fine-Grained Skills Needed to Solve Issues on GitHub,Benjamin C. Carter; Jonathan Rivas Contreras; Carlos A. Llanes Villegas; Pawan Acharya; Jack Utzerath; Adonijah O. Farner; Hunter Jenkins; Dylan Johnson; Jacob Penney; Igor Steinmacher; Marco A. Gerosa; Fabio Santos,,2025 IEEE/ACM International Workshop on Natural Language-Based Software Engineering (NLBSE),2025,10.1109/NLBSE66842.2025,https://ieeexplore.ieee.org/document/11029433/,2026-08-14T20:23:12Z,audit_ieee_toc_html.pl offline structural extraction,Complete controlled publisher PRIMARY_TOC membership row; discovery was not executed.
MS-NLBSE-2025-0008,MSU-NLBSE-2025,8,SRC-NLBSE-2025-PUBLISHER-TOC-HUMAN-20260815,https://ieeexplore.ieee.org/document/11029381/,Synthesizing Access Control Policies Using Large Language Models,Adarsh Vatsa; Pratyush Patel; William Eiers,,2025 IEEE/ACM International Workshop on Natural Language-Based Software Engineering (NLBSE),2025,10.1109/NLBSE66842.2025,https://ieeexplore.ieee.org/document/11029381/,2026-08-14T20:23:12Z,audit_ieee_toc_html.pl offline structural extraction,Complete controlled publisher PRIMARY_TOC membership row; discovery was not executed.
MS-NLBSE-2025-0009,MSU-NLBSE-2025,9,SRC-NLBSE-2025-PUBLISHER-TOC-HUMAN-20260815,https://ieeexplore.ieee.org/document/11029426/,Semantic API Alignment: Linking High-Level User Goals to APIs,Robert Feldt; Riccardo Coppola,,2025 IEEE/ACM International Workshop on Natural Language-Based Software Engineering (NLBSE),2025,10.1109/NLBSE66842.2025,https://ieeexplore.ieee.org/document/11029426/,2026-08-14T20:23:12Z,audit_ieee_toc_html.pl offline structural extraction,Complete controlled publisher PRIMARY_TOC membership row; discovery was not executed.
MS-NLBSE-2025-0010,MSU-NLBSE-2025,10,SRC-NLBSE-2025-PUBLISHER-TOC-HUMAN-20260815,https://ieeexplore.ieee.org/document/11029440/,Evaluating the Performance and Efficiency of Sentence-BERT for Code Comment Classification,Fabian C. Peña; Steffen Herbold,,2025 IEEE/ACM International Workshop on Natural Language-Based Software Engineering (NLBSE),2025,10.1109/NLBSE66842.2025,https://ieeexplore.ieee.org/document/11029440/,2026-08-14T20:23:12Z,audit_ieee_toc_html.pl offline structural extraction,Complete controlled publisher PRIMARY_TOC membership row; discovery was not executed.
MS-NLBSE-2025-0011,MSU-NLBSE-2025,11,SRC-NLBSE-2025-PUBLISHER-TOC-HUMAN-20260815,https://ieeexplore.ieee.org/document/11029411/,Automating Benchmark Generation for LLMs in Software Engineering: Challenges and Opportunities,Nimrod Busany; Hananel Hadad; Gil Rosenblum; Ramya Ramachandran; Zofia Maszlanka; Rohit Shashank Shelke; Okhaide Akhigbe; Daniel Amyot,,2025 IEEE/ACM International Workshop on Natural Language-Based Software Engineering (NLBSE),2025,10.1109/NLBSE66842.2025,https://ieeexplore.ieee.org/document/11029411/,2026-08-14T20:23:12Z,audit_ieee_toc_html.pl offline structural extraction,Complete controlled publisher PRIMARY_TOC membership row; discovery was not executed.
MS-NLBSE-2025-0012,MSU-NLBSE-2025,12,SRC-NLBSE-2025-PUBLISHER-TOC-HUMAN-20260815,https://ieeexplore.ieee.org/document/11029386/,The NLBSE'25 Tool Competition,Ali Al-Kaswan; Giuseppe Colavito; Nataliia Stulova; Pooja Rani,,2025 IEEE/ACM International Workshop on Natural Language-Based Software Engineering (NLBSE),2025,10.1109/NLBSE66842.2025,https://ieeexplore.ieee.org/document/11029386/,2026-08-14T20:23:12Z,audit_ieee_toc_html.pl offline structural extraction,Complete controlled publisher PRIMARY_TOC membership row; discovery was not executed.
MS-NLBSE-2025-0013,MSU-NLBSE-2025,13,SRC-NLBSE-2025-PUBLISHER-TOC-HUMAN-20260815,https://ieeexplore.ieee.org/document/11029416/,Code Comment Classification with Data Augmentation and Transformer-Based Models,Mushfiqur Rahman; Mohammed Latif Siddiq,,2025 IEEE/ACM International Workshop on Natural Language-Based Software Engineering (NLBSE),2025,10.1109/NLBSE66842.2025,https://ieeexplore.ieee.org/document/11029416/,2026-08-14T20:23:12Z,audit_ieee_toc_html.pl offline structural extraction,Complete controlled publisher PRIMARY_TOC membership row; discovery was not executed.
MS-NLBSE-2025-0014,MSU-NLBSE-2025,14,SRC-NLBSE-2025-PUBLISHER-TOC-HUMAN-20260815,https://ieeexplore.ieee.org/document/11029387/,GRAPHiC: Utilizing Graph Structures and Class Weights in Code Comment Classification with Pretrained BERT Models,Pir Sami Ullah Shah; Shahela Saif; Muhammad Haris Athar; Muhammad Riyaan Tariq; Abdur Rehman Afzal,,2025 IEEE/ACM International Workshop on Natural Language-Based Software Engineering (NLBSE),2025,10.1109/NLBSE66842.2025,https://ieeexplore.ieee.org/document/11029387/,2026-08-14T20:23:12Z,audit_ieee_toc_html.pl offline structural extraction,Complete controlled publisher PRIMARY_TOC membership row; discovery was not executed.
MS-NLBSE-2025-0015,MSU-NLBSE-2025,15,SRC-NLBSE-2025-PUBLISHER-TOC-HUMAN-20260815,https://ieeexplore.ieee.org/document/11029431/,Evaluating Large Language Models in Exercises of UML Use Case Diagrams Modeling,Giacomo Garaccione; Pablo Federico Vega Carrazan; Riccardo Coppola; Luca Ardito,,2025 IEEE/ACM International Workshop on Natural Language-Based Software Engineering (NLBSE),2025,10.1109/NLBSE66842.2025,https://ieeexplore.ieee.org/document/11029431/,2026-08-14T20:23:12Z,audit_ieee_toc_html.pl offline structural extraction,Complete controlled publisher PRIMARY_TOC membership row; discovery was not executed.
MS-NLBSE-2025-0016,MSU-NLBSE-2025,16,SRC-NLBSE-2025-PUBLISHER-TOC-HUMAN-20260815,https://ieeexplore.ieee.org/document/11029421/,Optimizing Deep Learning Models to Address Class Imbalance in Code Comment Classification,Moritz Mock; Thomas Borsani; Giuseppe Di Fatta; Barbara Russo,,2025 IEEE/ACM International Workshop on Natural Language-Based Software Engineering (NLBSE),2025,10.1109/NLBSE66842.2025,https://ieeexplore.ieee.org/document/11029421/,2026-08-14T20:23:12Z,audit_ieee_toc_html.pl offline structural extraction,Complete controlled publisher PRIMARY_TOC membership row; discovery was not executed.
MS-NLBSE-2025-0017,MSU-NLBSE-2025,17,SRC-NLBSE-2025-PUBLISHER-TOC-HUMAN-20260815,https://ieeexplore.ieee.org/document/11029439/,CodeComClassify: Automating Code Comments Classification using BERT-Based Language Models,Khubaib Amjad Alam; Wajid Ali; Summan Aziz; Muhammad Haroon; Meer Hashaam Khan; Zahoor Ahmad; Nadeem Abbas,,2025 IEEE/ACM International Workshop on Natural Language-Based Software Engineering (NLBSE),2025,10.1109/NLBSE66842.2025,https://ieeexplore.ieee.org/document/11029439/,2026-08-14T20:23:12Z,audit_ieee_toc_html.pl offline structural extraction,Complete controlled publisher PRIMARY_TOC membership row; discovery was not executed.
MS-NLBSE-2025-0018,MSU-NLBSE-2025,18,SRC-NLBSE-2025-PUBLISHER-TOC-HUMAN-20260815,,Author Index,,,2025 IEEE/ACM International Workshop on Natural Language-Based Software Engineering (NLBSE),2025,10.1109/NLBSE66842.2025,,2026-08-14T20:23:12Z,audit_ieee_toc_html.pl offline structural extraction,Complete controlled publisher PRIMARY_TOC membership row; discovery was not executed.
